                  epoch,         train/box_loss,         train/cls_loss,         train/dfl_loss,   metrics/precision(B),      metrics/recall(B),       metrics/mAP50(B),    metrics/mAP50-95(B),           val/box_loss,           val/cls_loss,           val/dfl_loss,                 lr/pg0,                 lr/pg1,                 lr/pg2
                      1,                  4.723,                 3.8686,                  4.263,                 0.0012,                0.02645,                0.00065,                0.00024,                  4.903,                 3.8631,                 4.1599,                0.00012,                0.00012,                0.00012
                      2,                 4.6624,                 3.7023,                  4.204,                0.00113,                0.02498,                0.00068,                0.00024,                 4.9042,                 3.8689,                 4.1604,             0.00020852,             0.00020852,             0.00020852
                      3,                 4.3119,                 3.2692,                 4.1329,                 0.0012,                0.02645,                0.00065,                0.00025,                 4.9076,                 3.8808,                 4.1629,              0.0002416,              0.0002416,              0.0002416
                      4,                 4.1342,                 3.1658,                 4.1233,                 0.0012,                0.02645,                0.00064,                0.00026,                 4.9124,                 3.8953,                 4.1672,             0.00021924,             0.00021924,             0.00021924
                      5,                 4.0695,                 2.8971,                 3.9736,                0.00123,                0.02719,                 0.0007,                0.00027,                 4.9217,                 3.9263,                 4.1769,             0.00014144,             0.00014144,             0.00014144
